,pct_importance
aa,12.568048
ck,7.325828
ay,6.8749084
az,6.68795
ag,5.031353
ci,4.4463873
cs,4.3858385
cn,4.370542
ee,4.122282
ba,3.5702906
bs,3.2467597
cb,2.4221632
ai,1.8664442
bj,1.8099097
cc,1.7909355
bc,1.4750695
aq,1.4146954
bk,1.3234317
bi,1.3095309
dn,1.2382897
bd,1.1751661
bx,1.0973319
ap,1.0247016
am,0.9382881
by,0.82540625
al,0.81940955
ao,0.7766446
dp,0.73130953
dv,0.7155111
ca,0.6321746
bz,0.62509555
de,0.6024687
be,0.57088095
dx,0.56527746
co,0.55722475
av,0.5433752
cj,0.5057032
db,0.47964478
aj,0.45540035
cl,0.4134064
ec,0.406685
dy,0.39926207
bl,0.3904847
bt,0.36755097
do,0.3666831
ax,0.33921677
eb,0.31950042
cg,0.31344944
ac,0.31018224
cm,0.30581287
dq,0.30575496
cu,0.30223075
an,0.2994865
dd,0.29047552
dt,0.28945175
bf,0.2744407
bb,0.26958054
du,0.24699317
cz,0.2202226
cf,0.21323161
dc,0.20568411
bh,0.202257
at,0.18748996
cx,0.17257284
ct,0.16506657
ce,0.14874862
cp,0.14323348
ds,0.13951743
ed,0.12833324
cv,0.1272875
ad,0.12663245
bu,0.1208069
cq,0.08987201
dr,0.08415649
bg,0.07827401
ah,0.07266655
di,0.05876161
df,0.034314044
cy,0.033847768
dg,0.026010033
dh,0.025064722
ak,0.018993786
ar,0.015839238
da,0.012495366
au,0.006834583
bv,0.0046872227
ea,0.0019334198
dz,0.0016220651
eg,0.0006611107
as,0.00039474454
ef,0.00016417645
af,0.0
ae,0.0
ch,0.0
dm,0.0
dj,0.0
dk,0.0
dl,0.0
