,mean_abs_shap
aa_000,1.7184733
ck_000,1.0016862
ci_000,0.6079702
bs_000,0.44394085
ay_008,0.40440902
cb_000,0.33119088
ay_006,0.2562468
ai_000,0.25520548
bj_000,0.24747531
cc_000,0.24488091
az_001,0.22302264
bc_000,0.20169143
aq_000,0.19343626
bk_000,0.18095747
bi_000,0.17905675
dn_000,0.1693157
az_006,0.16353726
bd_000,0.16068459
ag_009,0.1514489
bx_000,0.15004204
az_002,0.14465563
ee_005,0.14040028
ap_000,0.14011104
ay_005,0.1319679
am_0,0.12829544
ee_007,0.1180488
cs_007,0.11530042
cs_008,0.114206426
by_000,0.112860695
az_000,0.11204209
al_000,0.11204074
ba_006,0.11119726
cs_000,0.11004347
ag_002,0.10902573
ao_000,0.10619334
cn_003,0.10263048
dp_000,0.099994525
ag_004,0.09986313
ag_003,0.09845614
ba_008,0.09816766
dv_000,0.09783434
az_003,0.09684538
cn_006,0.09653046
ca_000,0.08643945
bz_000,0.08547151
de_000,0.08237767
cn_008,0.08023753
be_000,0.078058556
dx_000,0.077292375
cn_000,0.077136025
co_000,0.0761913
av_000,0.0742976
ba_004,0.073794566
cs_006,0.073351115
cj_000,0.06914658
ba_005,0.06580995
db_000,0.06558351
cn_002,0.06556055
aj_000,0.062268488
ag_008,0.061368074
az_007,0.057691216
cl_000,0.056526512
cs_003,0.05646742
ec_00,0.05560747
az_004,0.055321623
dy_000,0.05459251
ee_009,0.05404871
ee_006,0.053489994
bl_000,0.053392343
cs_002,0.052833382
ee_003,0.051878672
bt_000,0.050256535
do_000,0.050137866
az_005,0.049894165
ag_001,0.0478039
ax_000,0.0463823
ba_002,0.04562433
ay_000,0.045403015
ag_006,0.045263957
cn_009,0.04380389
eb_000,0.043686416
cn_007,0.043497793
cg_000,0.042859044
ac_000,0.042412307
cm_000,0.041814867
dq_000,0.041806947
cu_000,0.041325074
an_000,0.04094984
ee_008,0.039739233
dd_000,0.039717738
ag_005,0.039596975
dt_000,0.039577756
ee_000,0.039526567
cn_004,0.038050022
bf_000,0.037525244
bb_000,0.036860693
ag_007,0.03462946
du_000,0.033772245
ay_004,0.033717047
cs_001,0.033340678
ba_007,0.03247835
cz_000,0.030111812
cn_001,0.030067258
cf_000,0.029155908
ay_007,0.028358115
dc_000,0.02812391
bh_000,0.02765531
ee_002,0.026522167
ee_004,0.026280941
ba_003,0.025820415
at_000,0.02563616
cx_000,0.02359649
ct_000,0.022570131
ce_000,0.02033892
cn_005,0.020085532
cp_000,0.019584816
ds_000,0.019076709
cs_005,0.0183076
cs_004,0.018306328
ed_000,0.017547455
cv_000,0.017404467
ad_000,0.0173149
bu_000,0.016518353
ay_009,0.01558426
ay_002,0.014613804
ee_001,0.013718788
ba_000,0.013263294
ba_009,0.012585476
cq_000,0.012288515
dr_000,0.011507013
bg_000,0.010702681
ah_000,0.009935953
ba_001,0.009437058
di_000,0.008034682
cs_009,0.007534228
az_008,0.0070255003
ay_001,0.006241915
df_000,0.0046918797
cy_000,0.004628124
az_009,0.004431393
dg_000,0.0035564431
ay_003,0.003488511
dh_000,0.0034271877
ak_000,0.002597087
ar_000,0.0021657546
da_000,0.0017085352
au_000,0.00093451655
bv_000,0.00064090046
ag_000,0.00049826485
ea_000,0.00026436328
dz_000,0.00022179066
eg_000,9.039599e-05
as_000,5.3974807e-05
ef_000,2.2448423e-05
af_000,0.0
ae_000,0.0
ch_000,0.0
dm_000,0.0
dl_000,0.0
dk_000,0.0
dj_000,0.0
